{
  "components/carousel": "<section class=\"heroCarousel\"\n    data-slick='{\n        \"arrows\": {{arrows}},\n        \"mobileFirst\": true,\n        \"slidesToShow\": 1,\n        \"slidesToScroll\": 1,\n        \"autoplay\": true,\n        \"autoplaySpeed\": {{carousel.swap_frequency}},\n        \"slide\": \"[data-hero-slide]\"\n    }'\n>\n    {{#each carousel.slides}}\n    {{#if button_text}}\n    <div data-hero-slide=\"{{@index}}\">\n    {{else}}\n    <a href=\"{{url}}\" data-hero-slide=\"{{@index}}\" aria-label=\"{{#if this.alt_text.length '!=' 0}}{{this.alt_text}}{{else}}{{lang 'carousel.slide_number' slide_number=(add @index 1)}}{{/if}}\">\n    {{/if}}\n        <div class=\"heroCarousel-slide {{#if ../theme_settings.homepage_stretch_carousel_images}}stretch{{/if}} {{#if @first}}heroCarousel-slide--first{{/if}}\">\n            {{#if button_text}}\n            <a href=\"{{url}}\" class=\"heroCarousel-image-wrapper\">\n            {{else}}\n            <div class=\"heroCarousel-image-wrapper\">\n            {{/if}}\n            {{#if @first}}\n                {{> components/common/responsive-img\n                    image=stencil_image\n                    class=\"heroCarousel-image\"\n                    fallback_size='1280w'\n                    lazyload='disabled'\n                }}\n            {{else}}\n                {{> components/common/responsive-img\n                    image=stencil_image\n                    class=\"heroCarousel-image\"\n                    fallback_size='1280w'\n                    lazyload='lazyload'\n                }}\n            {{/if}}\n            {{#if button_text}}\n            </a>\n            {{else}}\n            </div>\n            {{/if}}\n            {{#or heading text button_text}}\n                {{> components/carousel-content}}\n            {{/or}}\n        </div>\n    {{#if button_text}}\n    </div>\n    {{else}}\n    </a>\n    {{/if}}\n    {{/each}}\n    {{#if carousel.slides.length '>' 1}}\n        {{> components/carousel-content-announcement}}\n        {{#if play_pause_button}}\n            {{> components/carousel-play-pause-button}}\n        {{/if}}\n    {{/if}}\n</section>\n",
  "components/common/responsive-img": "{{!--\r\nThis file implements the lazysizes srcset pattern (as seen on\r\nhttps://github.com/aFarkas/lazysizes#modern-transparent-srcset-pattern) for maximum performance on modern browsers\r\nand reasonable compatibility with legacy browsers.\r\n\r\nThere are a few important arguments to know about when using this component:\r\n`lazyload`:\r\n    - If set to 'lazyload+lqip', will load a low-res image which will be replaced by lazysizes - ensuring that SOME\r\n    content is shown immediately on page load. Without LQIP, a transparent gif will be used instead, which reduces\r\n    the number of requests needed to load the page, making it even faster.\r\n    - If set to 'lazyload', the browser will not load the full-size image at first, instead the lazysizes plugin will\r\n        load it progressively after page load. This improves the load speed of the page, but it should be disabled for\r\n        high-priority above-the-fold images.\r\n    - If set to 'disabled', will not attempt to lazyload the image and instead tell the browser to load it immediately.\r\n        Use this for high-priority images that are above the fold.\r\n\r\n`fallback_size`:\r\n    This is the size to use for this image in legacy browsers that do not support srcset.\r\n    Can be defined as a pixel bounding-box size (e.g. \"123x123) or inherent width (e.g. \"123w\").\r\n\r\n`class`:\r\n    The CSS classes to add to the image, e.g. \"card-image\". If lazyloading is enabled, all images will have the\r\n    \"lazyload\" class so that lazysizes will target them automatically.\r\n\r\n`otherAttributes`:\r\n    Any other HTML attributes you want on the img tag, for example \"height='100' width='100'\"\r\n\r\n`default_image`:\r\n    The default image to use if `image` is undefined or falsy. Should be a theme asset, usually defined as a relative\r\n    path in the theme config. If a default image is not provided, you'll get an image tag with no image if the primary\r\n    image is undefined.\r\n\r\n`lqip_size`:\r\n    If you want to specify a particular size for the LQIP image, you can do so with this argument. A default of 80\r\n    pixels wide will be used otherwise. This argument has no effect if the lazyload mode is not \"lazyload+lqip\".\r\n\r\n--}}\r\n{{#each images as |img index|}}\r\n    <span \r\n        id=\"{{../image.alt}}_{{index}}\" \r\n        style=\"display: none;\" \r\n        data-src=\"{{img.data}}\"\r\n        {{#if lazyload}}\r\n            data-srcset=\"{{getImageSrcset img 1x=(default lqip_size '80w')}}\"\r\n        {{else}}\r\n            data-srcset=\"{{getImageSrcset img 1x=(default lqip_size '160w')}}\"\r\n        {{/if}}></span>\r\n{{/each}}\r\n<img id=\"{{image.alt}}\" {{#if image}}{{!-- Get the default image for legacy browsers that do not support srcset\r\n--}}src=\"{{getImageSrcset image 1x=(default fallback_size '160w')}}\" alt=\"{{image.alt}}\" title=\"{{image.alt}}\" {{!--\r\n  Allow lazysizes to generate the 'sizes' attribute automatically --}}data-sizes=\"auto\"\r\n  {{#unless lazyload '==' 'disabled'}}\r\n    {{#if lazyload '==' 'lazyload+lqip'}}\r\n    {{!-- If we want a LQIP, include it as the default srcset (will be overwritten by lazysizes) --}}\r\n    srcset=\"{{getImageSrcset image 1x=(default lqip_size '80w')}}\"\r\n    {{else}}\r\n      {{!-- If we don't want a LQIP, use a 1px transparent gif for the stand-in image\r\n            This requires no additional network request, so it's fast --}}\r\n    srcset=\"data:image/gif;base64,R0lGODlhAQABAIAAAP///wAAACH5BAEAAAAALAAAAAABAAEAAAICRAEAOw==\"\r\n    {{/if}}\r\n{{/unless}}\r\n{{!-- If lazyloading is disabled, just use \"srcset\". If it is not disabled, use \"data-srcset\" so lazysizes will use\r\n      this after page load --}}\r\n{{!--\r\nGenerate the srcset string using the default sizes defined in the helper. This will allow the browser to\r\npick the best-sized image based on its own understanding of how it will render the page.\r\n--}}\r\n{{#unless lazyload '==' 'disabled'}}data-{{/unless}}srcset=\"{{getImageSrcset image use_default_sizes=true }}\"\r\n{{else if default_image}}src=\"{{cdn default_image}}\" alt=\"{{lang 'products.card_default_image_alt'}}\"{{/if}}\r\nclass=\"{{#unless lazyload '==' 'disabled'}}lazyload{{/unless}}{{#if class}} {{class}}{{/if}}\"\r\n{{#if lazyload '==' 'lazyload'}}loading=\"lazy\"{{/if}}\r\n{{otherAttributes}} />\r\n<script>\r\n    // Initalize variables for original values\r\n    (() => {\r\n        let oldImageSet;\r\n        let oldImageSrc;\r\n        // Hover event for changing image\r\n        const elem = document.getElementById(\"{{image.alt}}\")\r\n        if(!elem) return;\r\n        elem.addEventListener(\"mouseover\", function() {\r\n            oldImageSet = this.srcset;\r\n            oldImageSrc = this.src;\r\n\r\n            let altElem = document.getElementById(\"{{image.alt}}_1\")\r\n            if(!altElem) return;\r\n            let newImageSet = altElem.getAttribute(\"data-srcset\")\r\n            let newImageSrc = altElem.textContent.trim()\r\n\r\n            this.src=newImageSrc\r\n            this.srcset=newImageSet\r\n        });\r\n        // Reset image on mouseout\r\n        elem.addEventListener(\"mouseout\", function() {\r\n            this.src=oldImageSrc\r\n            this.srcset=oldImageSet\r\n        });\r\n    })()\r\n</script>\r\n",
  "components/carousel-content": "<div class=\"heroCarousel-content{{#and (if heading '==' false) (if text '==' false)}} heroCarousel-content--empty{{/and}}\">\n    {{#if heading}}\n        <p class=\"heroCarousel-title\">{{{heading}}}</p>\n    {{/if}}\n    {{#if text}}\n        <p class=\"heroCarousel-description\">{{{text}}}</p>\n    {{/if}}\n    {{#if button_text}}\n        <a href=\"{{url}}\" aria-label=\"{{#if this.alt_text.length '!=' 0}}{{this.alt_text}}{{else}}{{lang 'carousel.slide_number' slide_number=(add @index 1)}}{{/if}}, {{button_text}}\" class=\"heroCarousel-action button button--primary button--large\">{{{button_text}}}</a>\n    {{/if}}\n</div>\n",
  "components/carousel-content-announcement": "<span\n    data-carousel-content-change-message\n    class=\"aria-description--hidden\"\n    aria-live=\"polite\" \n    role=\"status\"></span>\n",
  "components/carousel-play-pause-button": "{{inject 'carouselPlayPauseButtonPlay' (lang 'carousel.play_pause_button_play')}}\n{{inject 'carouselPlayPauseButtonPause' (lang 'carousel.play_pause_button_pause')}}\n{{inject 'carouselPlayPauseButtonAriaPlay' (lang 'carousel.play_pause_button_aria_play')}}\n{{inject 'carouselPlayPauseButtonAriaPause' (lang 'carousel.play_pause_button_aria_pause')}}\n\n<button\n    data-play-pause-button\n    type=\"button\"\n    class=\"carousel-play-pause-button\"\n    aria-label=\"{{lang 'carousel.play_pause_button_aria_pause'}}\"\n>\n    {{lang 'carousel.play_pause_button_pause'}}\n</button>\n"
}